獲取時間,商品名稱,價錢
2022/10/27 15:08,添寧 潔膚濕巾(40抽/包),65
2022/10/27 15:08,Nuby 游泳尿布(男L),69
2022/10/27 15:08,Nuby 游泳尿布(女XL),69
2022/10/27 15:08,Nuby 游泳尿布(男XL),69
2022/10/27 15:08,Nuby 游泳尿布(女L),69
2022/10/27 15:08,安安 成人柔護濕巾超厚-超大片(48抽/包),69
2022/10/27 15:08,添寧 護妳墊(加強型)-12片,75
2022/10/27 15:08,添寧 護妳墊(微量型)-26片,75
2022/10/27 15:08,添寧 護妳墊(一般流量)-20片,75
2022/10/27 15:08,添寧 護妳墊(夜用型)-10片,75
2022/10/27 15:08,添寧 護妳墊( 量多型)-10片,75
2022/10/27 15:08,拭拭樂 成人看護墊M (12片/包),79
2022/10/27 15:08,護得住超乾爽吸水棉35cm(9片/包),79
2022/10/27 15:08,生活自理小繪本：再見了尿布,79
2022/10/27 15:08,護得住超乾爽吸水棉19cm(26片/包),79
2022/10/27 15:08,護得住超乾爽吸水棉28cm(11片/包),79
2022/10/27 15:08,護得住超乾爽吸水棉23cm(18片/包),79
2022/10/27 15:08,生活自理小繪本：再見了尿布,79
2022/10/27 15:08,來復易 瞬吸安心漏尿專用棉墊少量 (24片/包),79
2022/10/27 15:08,來復易 瞬吸安心漏尿專用棉墊多量型 (10片/包),79
